approach,split,accuracy,macro_precision,macro_recall,macro_f1,high_precision,high_recall,high_f1
Baseline: most frequent class,train,0.3634,0.1211,0.3333,0.1777,0.3634,1.0,0.533
Baseline: most frequent class,test,0.3633,0.1211,0.3333,0.1776,0.3633,1.0,0.5329
Baseline: attendance-only rule,train,0.8329,0.8696,0.8205,0.8265,1.0,0.8118,0.8961
Baseline: attendance-only rule,test,0.8071,0.8522,0.794,0.7996,1.0,0.7725,0.8716
Logistic Regression,cv,0.7008,0.6867,0.6872,0.6869,0.8267,0.8343,0.8305
Logistic Regression,train,0.7022,0.6883,0.6887,0.6885,0.8276,0.8343,0.8309
Logistic Regression,test,0.6883,0.6775,0.6754,0.676,0.8341,0.7978,0.8155
Decision Tree,cv,0.8326,0.8692,0.8202,0.8262,0.9996,0.8118,0.896
Decision Tree,train,0.8329,0.8696,0.8205,0.8265,1.0,0.8118,0.8961
Decision Tree,test,0.8071,0.8522,0.794,0.7996,1.0,0.7725,0.8716
Random Forest,cv,0.8317,0.8677,0.8193,0.8253,0.9991,0.8118,0.8958
Random Forest,train,0.833,0.8696,0.8206,0.8267,1.0,0.8118,0.8961
Random Forest,test,0.8071,0.8517,0.7941,0.7998,1.0,0.7725,0.8716
Reference only: Random Forest WITH Total_Score (leakage),train,1.0,1.0,1.0,1.0,1.0,1.0,1.0
Reference only: Random Forest WITH Total_Score (leakage),test,0.9995,0.9994,0.9995,0.9995,1.0,1.0,1.0
